{"accuracy": [0.6043673157691956, 0.8609716296195984, 0.9138203263282776, 0.9398676753044128, 0.9549328088760376, 0.9645636081695557, 0.971747636795044, 0.9763568043708801, 0.9783768653869629, 0.9808236956596375], "loss": [1.3456203937530518, 0.440781831741333, 0.2707449793815613, 0.18664167821407318, 0.13793504238128662, 0.1098397895693779, 0.0884450227022171, 0.0744045227766037, 0.06550697237253189, 0.0600726380944252], "val_accuracy": [0.8289893269538879, 0.8894263505935669, 0.9389938712120056, 0.9282380938529968, 0.9441156387329102, 0.9537901282310486, 0.9617573618888855, 0.956407904624939, 0.9653995037078857, 0.9654564261436462], "val_loss": [0.5359181761741638, 0.36246219277381897, 0.19994767010211945, 0.225749671459198, 0.1851375550031662, 0.15503501892089844, 0.12824560701847076, 0.16266968846321106, 0.11694822460412979, 0.11791086196899414]}