{"accuracy": [0.6208549737930298, 0.8645280599594116, 0.9165089726448059, 0.9415321350097656, 0.9583612084388733, 0.9671953916549683, 0.9744789600372314, 0.9769400358200073, 0.9808094501495361, 0.982431173324585], "loss": [1.289839744567871, 0.42900964617729187, 0.25751954317092896, 0.1761264204978943, 0.12917989492416382, 0.09961877763271332, 0.07911093533039093, 0.06963150948286057, 0.060780394822359085, 0.05454346165060997], "val_accuracy": [0.8202822804450989, 0.9146938323974609, 0.9286933541297913, 0.9236285090446472, 0.9524242877960205, 0.9609037041664124, 0.9651718735694885, 0.9613020420074463, 0.967391312122345, 0.9622126221656799], "val_loss": [0.5669476389884949, 0.26702794432640076, 0.21937501430511475, 0.24135573208332062, 0.1529693454504013, 0.12750005722045898, 0.111580990254879, 0.12191455066204071, 0.10464353114366531, 0.13800622522830963]}